{
  "mean_list": [
    73.46482166223461,
    75.13643915410915,
    72.01817567852771,
    73.57781393778228,
    0.02761934911991896,
    0.18903760921869067,
    70110.36102317336,
    66760109.28471783,
    4.732732683297455,
    2.538413743615719,
    0.11101874129416237,
    0.10556996327719387,
    0.010899033388206483,
    47.087294920969015,
    47.07684092255787,
    47.10709962987148,
    80.87648461441054,
    73.42270921446963,
    65.9700727702503,
    -0.6663089948109222,
    23.804498354176097,
    22.167920127933108,
    36.216063214327235,
    36.210530692561235,
    77.60720526782323,
    73.70159828626905,
    69.79606728293444,
    0.018439379164185147,
    0.01799063396909171,
    3.24793499641214
  ],
  "std_list": [
    88.4616631756683,
    90.48025405638852,
    86.79028767744532,
    88.61994079675564,
    3.7415221965272494,
    11.418281598767638,
    156288.6255164449,
    151119556.92562944,
    3.3006339740581896,
    3.29078869646089,
    4.2945034855399715,
    3.95478513582589,
    2.905942566159425,
    22.96849360625911,
    20.34899677786406,
    34.767383098032994,
    97.25765579074822,
    87.97290881386154,
    79.67168880274566,
    110.33935028630142,
    11.247204074410314,
    11.568701533758102,
    19.948453001337377,
    16.690980914179246,
    93.40355215492895,
    88.6435238677881,
    84.08213448703911,
    0.6849271633995483,
    0.6075526530976242,
    4.535647131082765
  ],
  "show_list": [
    1,
    1,
    1,
    1,
    0,
    0,
    0,
    0,
    0,
    0
  ],
  "name_list": [
    "open",
    "close",
    "high",
    "low",
    "vol",
    "amount",
    "amplitude",
    "pct_change",
    "change",
    "exchange_rate"
  ]
}